 reviews, 
About 10 lakh poor people do not have ration card in Delhi. I request them to apply for the ration card on Delhi govt's e-district website. They will not get the card but we will give them ration till #COVID19 issue persists: Chief Minister Arvind Kejriwal ,
"Wipro Ltd, Wipro Enterprises Ltd and Azim Premji Foundation have together committed Rs 1125 Crore towards tackling the unprecedented health and humanitarian crisis arising from #COVID19 pandemic outbreak. ",
"Initially, authorities said everyone would get ration during lockdown but later they denied to give it to Christians. We are also Pakistani & have been living in Karachi. Such discrimination on the basis of religion is not fair: Christian local, Sindh Province, Pakistan. #COVID19 ",
"Chief Minister BS Yediyurappa has announced that he'll donate his entire 1 year's salary to CM Relief Fund. He has appealed to citizens to also do their bit&contribute in whatever capacity possible to help state in fighting #COVID19: Chief Minister's Office, Karnataka ",
"34 people traced in Ahmednagar, including 29 foreigners who had attended the Markaz in Nizamuddin, Delhi. Out of these 29 foreigners, results of 14 have come & 2 have tested positive for #COVID19. 3 people who came in contact with them also tested positive: Ahmednagar Collector",
"Total number of people from Pune who attended event at Nizamuddin Markaz in Delhi, is more than 130, many of them either not in Pune or are untraceable. Search for them is going on: Pune District Collector, Naval Kishore Ram. #COVID19 ",
Police personnel deployed at various pickets/barricades in Delhi in connection with maintaining of law&order in Delhi regarding outbreak of #COVID19 may be targeted by suspected ISIS operatives.Field staff may be briefed accordingly:Delhi Dy. Commissioner of Police (Special Cell) ,
"#WATCH Delhi Police release a video of its warning to senior members of Markaz, Nizamuddin to vacate Markaz &amp; follow lockdown guidelines, on 23rd March 2020. #COVID19 ",
"I don't take any salary as MLA or as CM & I've also foregone my MP Pension despite being a 7-time MP. Out of my limited resources, I am contributing Rs. 5 lakhs to PM’s National Relief Fund&Rs. 5 lakhs to State Emergency Relief Fund: West Bengal CM Mamata Banerjee. #COVID19 ",
"Prime Minister Narendra Modi's mother Hiraba donates Rs 25,000 from her personal savings to #PMCARES Fund. #COVID19 (File pic) ",
"Venkara Raghava, from Bengaluru who was infected with #COVID19 has fully recovered now. He says,""I am doing perfectly well now. I had travelled to Los Angeles via Heathrow airport, that is when I came in contact with many travellers. I might have picked up the infection there."" ",
"Legendary singer Lata Mangeshkar donates Rs 25 Lakh to Chief Ministers Relief Fund, Maharashtra for the fight against #COVID19 (file pic) ",
Odisha: 12 migrant workers from Pipalguda in Kalahandi who had returned from Kerala have self-quarantined themselves outside the village. After returning they went to hospital for #COVID19 test &amp; they tested negative. But they decided to stay outside as a precautionary measure. ,
"Ranchi: 22 Malaysian nationals were sent to quarantine centre in Khelgaon from a mosque in Hindpiri area,today. Anish Gupta, SSP says, ""They have been kept in isolation & their #COVID19 tests will be done. Probe being done as per Ministry of Home Affairs guidelines."" #Jharkhand",
"Delhi: People boarding buses in the Nizammudin area, to be taken to different hospitals for a checkup. A religious gathering was held in Markaz, that violated lockdown conditions and several #COVID19 positive cases have been found among those who attended the gathering. ",
"There will be a 75% cut on the salaries of the Chief Minister, state cabinet, MLCs, MLAs, State Corporation Chairpersons, & local bodies representatives in view of the financial state of Telangana, due to #COVID19 pandemic: Telangana Chief Minister's Office (CMO) ",
Reliance Industries announces Rs. 500 crores contribution to #PMCARES Fund. In addition to its multi-pronged on-the-ground fight against #COVID19: Reliance Industries,
"Delhi: RSS Swayamsevaks along with RWA (Resident Welfare Association) members distribute food items to the needy in Mahavir Enclave area near Dwarka Sector 1, amid countrywide lockdown in wake of #COVID19. ",
Tata Sons contributes additional Rs 1000 Crores to fight #COVID19. https://twitter.com/ANI/status/1243859750908907521,
"West Bengal: Villagers of Vangidi village in Balarampur area of Purulia, who have recently returned from Chennai, have quarantined themselves for 14 days on a tree since they do not have a separate room in their houses for isolation. #COVID19 ",
"#WATCH Delhi: Inside visuals from 26th March 2020, of Markaz building in Nizamuddin. A religious gathering was held here that violated lockdown conditions &amp; several #COVID19 positive cases have been found among those who attended it. (Video Source: Delhi Police) ",
"If anyone loses their life while serving #COVID19 patients, whether sanitation workers, doctors or nurses, their family will be provided Rs 1 crore as respect to their service. Whether they are from private or government sector doesn't matter: Delhi Chief Minister Arvind Kejriwal ",
Delhi: A doctor working at a Delhi government hospital has tested positive for #COVID19.,
#WATCH Punjab: Residents of Nabha in Patiala applauded sanitation workers by clapping for them and showering flower petals on them. Some even offered garlands of currency notes to one of the workers. #COVID19 (31-3-2020) ,
"Rumours are being spread about #COVID19 in the country leading to misinformation. FIR will be registered against those involved in spreading of these rumours and strict action will be taken under provisions of the Disaster Management Act: Ajay Bhalla, Union Home Secretary ",
"Delhi: People continue to board buses in the Nizammudin area, to be taken to different hospitals for a checkup. A religious gathering was held in Markaz, that violated lockdown conditions and several #COVID19 positive cases have been found among those who attended the gathering. ",
"#COVID19 has spread among some of those who attended a religious prayer meeting from 13th to 15th March at Markaz in the Nizamuddin area of Delhi. Among those, who attended were some persons from Telangana. Of them, six died: Telangana Chief Minister's Office ",
"Increase of 227 #COVID19 cases in the last 24 hours, the largest spike in a day. Total number of #COVID19 positive cases rise to 1251 in India (including 1117 active cases, 102 cured/discharged/migrated people and 32 deaths): Ministry of Health and Family Welfare ",
Personnel from Naval Dockyard Visakhapatnam have designed an innovative portable 'Multi-feed Oxygen Manifold' (MOM) using a 6-way radial header fitted to a single cylinder. This innovation would enable one oxygen bottle to supply oxygen to six patients concurrently: Navy #COVID19 ,
"The Hero Group has pledged Rs 100 crores as aid for the ongoing #COVID19 relief-efforts in India. Half of this sum, Rs 50 crores, will be contributed to the PM-Cares Fund and the remaining Rs 50 crore will be spent in other relief efforts.",
"Delhi Police team, including Joint CP DC Srivastava, reaches Nizamuddin area after there were reports that some people, who had attended a religious gathering at Markaz in Nizamuddin, have tested positive for #COVID19. Batches of ppl being taken to hospital in buses for checkup. ",
"One of the three trainees of Indian Forest Services (IFS), who had tested negative for #COVID19 on 27th March, has tested positive today.",
"Following officers, who were responsible to ensure compliance to instructions issued by Chairperson, National Executive Committee, formed under Disaster Management Act 2005 regarding containment of the spread of #COVID19, have prima facie failed to do so: Ministry of Home Affairs ",
"Maharashtra: RSS workers distribute food packets & grocery items to the needy in Nagpur, amid countrywide lockdown in wake of #COVID19. ",
"5 #COVID19 patients from Pune have tested negative in repeat samples and will be discharged today: Shravan Hardikar, Municipal Commissioner, Pimpri-Chinchwad Municipal Corporation 36 positive cases have been reported from Pune till now of which 10 have already been discharged",
United States has announced financial assistance of 274 million US Dollars to 64 countries including 2.9 million US Dollars to India to help fight the #COVID19. The emergency health &amp; humanitarian funding is for 64 of the most at-risk countries: US Secretary of State Mike Pompeo ,
"Gujarat: Atmanand Jain Samaj of Vadodara has offered to turn their 'dharamshala' located in Ghadiyalipole into quarantine facility. Member says,""We want to support govt in fight against #COVID19.We'll also provide food&amp;other basic facilities to patients&amp;to anyone who needs help"" ",
"Italy records almost 1,000 #COVID19 related deaths, highest in a day: AFP news agency",
"Human body cells release interferon chemical to kill viruses. But it can't be released by cells in the case of #COVID19 cases, leading to weak immune system. We got hold of some preprint suggesting that interferon is effective in COVID19: Oncologist Dr. Vishal Rao in Bengaluru ",
"Maharashtra: A Muslim family in Mumbai prepares food&distributes it to needy. Ibrahim Motiwala says,""Many labourers are stranded here without food so if Allah has made us capable enough to help such people then we should. We prepare food for around 800 people at a time"" #COVID19 ",
"Today, via video conferencing, had a review meeting with the CDS, Service Chiefs, Secretaries,& DPSUs to discuss the preparedness & ongoing efforts towards tackling #COVID19 menace. Armed Forces &amp; MoD are fully prepared &amp; geared up to face any situation: Defence Min Rajnath Singh ",
"43 new positive #COVID19 cases detected in Andhra Pradesh since 9 PM on 31st March till 9 AM today. With this, the total number of positive cases in the state has increased to 87: Nodal Officer, Andhra Pradesh ",
"#WATCH Pakistan: Members of Hindu&amp;Christian communities say they are denied ration by authorities, in Sindh province. A Hindu local says,""Authorities are not helping us during lockdown, ration is also not being provided to us because we are part of a minority community."" #COVID19 ",
"Karnataka: People in Kalaburagi defy social distancing norms as heavy crowd gathers at a vegetable market, amid #CoronavirusLockdown. Total number of positive #COVID19 cases in the state is 101, including 3 deaths &amp; 8 discharged/cured cases. ",
"Andaman and Nicobar: Deputy Commissioner of South Andaman District has ordered to register FIR against Farzand Ali & S Rehman who have been recently tested positive for #COVID19, for continuously misleading contact tracking in tracking their contacts... 1/2 (31-3-2020)",
"Delhi: People boarding buses in the Nizammudin area, to be taken to different hospitals for a checkup. A religious gathering was held in Nizamuddin Markaz, that violated lockdown conditions & several #COVID19 positive cases have been found among those who attended the gathering. ",
"Delhi Police: 8 foreign nationals were found at Delhi's Bharat Nagar, earlier today. On interrogation, we came to know that they had come from Markaz Nizamuddin and were staying here since 19th March. We have informed District Magistrate about it. #COVID19 ",
"13 more #COVID19 positive cases reported in Karnataka from 30th March 5 pm to 2 pm today. Total number of positive cases in the state rises to 101, including 3 deaths &amp; 8 discharged/cured cases: Karnataka Health Department ",
"72 more persons have tested positive for #COVID19 in Maharashtra, taking the total number of cases in the state to 302. 59 from Mumbai, 3 from Nagar, 2 each from Pune, Thane, Kalyan-Dombivli, Navi Mumbai and Vashi Virar: State Health Department ",
"Delhi: People from Markaz building, Nizamuddin continue to be shifted to hospitals&quarantine centers. Around 1034 people shifted till now-334 to hospitals&700 to quarantine centers. 24 people, who had gathered here, have tested positive for #COVID19 so far. ",
"Delhi Government to ask police to register FIR against Maulana of Markaz, Nizamuddin: Delhi Govt Around 300-400 people had attended a religious gathering at Markaz & 163 people from Nizamuddin, likely to be infected with #COVID19, have been admitted to Lok Nayak Hospital, Delhi. ",
Center directs States to ensure no movement of people across cities. All arrangements be made for migrant labourers at their place of work including timely payment of wages. Action should be taken against those asking students/labourers to vacate: Govt of India. #COVID19 ,
"Children of daily wage workers are facing serious problems. Even if 1 child is forced to die due to starvation or lack of medicines, then it'll be a blot on all of us.'India' should not leave 'Bharat' behind in this fight against #COVID19: Nobel Laureate Kailash Satyarthi (28.03) ",
"Delhi: Jhandewalan Temple Trust and volunteers of Sewa Bharati are preparing food to be served to needy, amid lockdown due to #COVID19 ",
"All MPs of BJP will release Rs. 1 crore from their MPLADS (Members of Parliament Local Area Development Scheme) fund to the Central Relief Fund in support to fight against #COVID19: Jagat Prakash Nadda, BJP national president . ",
"To make the patient cabin, middle berth has been removed from 1 side, all 3 berths removed in front of patient berth, all ladders for climbing up the berths have been removed. The bathrooms, aisle areas and other areas have also been modified to prepare Isolation Coach. #Covid19 https://twitter.com/ANI/status/1243778304638775297",
Six out of the nine total #COVID19 confirmed cases in Bihar have no travel history: Bihar Health Department,
"All Kendriya Vidyalaya to allow the use of school buildings for temporary housing of likely #COVID19 cases, in view of the #coronavirus situation in the country: Kendriya Vidyalaya Sangathan",
"Shri Saibaba Sansthan Trust, Shirdi has donated Rs 51 Crore to Maharashtra Chief Minister's Relief Fund to fight the #COVID19 pandemic. ",
35 private laboratories across the country have been given the green signal from Indian Council of Medical Research (ICMR) to conduct #COVID19 tests. ,
"Delhi: People continue to board buses in Nizammudin area,to be taken to different hospitals for a checkup.A religious gathering was held in Nizamuddin Markaz, that violated lockdown conditions&several #COVID19 positive cases have been found among those who attended the gathering. ",
"Out of 1500 members from Tamil Nadu who participated in the conference in Delhi (Markaz, Nizamuddin), 1130 returned to the state, rest stayed in Delhi. Of the 1130 who returned, we have identified 515 across several districts: Beela Rajesh, Tamil Nadu Health Secretary #COVID19 ",
"Council of Scientific and Industrial Research, Department of Science & Technology, and Department of Biotechnology will work with Indian Council of Medical Research to further the agenda of the development of a vaccine for #COVID19: R Gangakhedkar, ICMR ",
Indian Railways would be prepared to modify 20000 coaches into quarantine/isolation coaches to augment the quarantine facilities being created in the country: Ministry of Railways. #COVID19 ,
"Delhi: Tipu Yadav, a migrant labourer from Bhagalpur in Bihar says,""my mother has expired and I am stuck here due to the lockdown. I want to reach my village now. I am a poor man. Please help me."" (30.3.2020) #COVID19 ",
"We have developed a mechanism with which one ventilator can be used by multiple patients. In case, there is a large number of patients and a shortage of ventilators, then we can use one ventilator for multiple patients: DRDO Chairman, Dr G Satheesh Reddy #COVID19 ",
"All bodies of #COVID19 patients should be cremated irrespective of religion. Burial will not be allowed. The funeral should not involve more than 5 people: Praveen Pardeshi, Commissioner of Brihanmumbai Municipal Corporation (BMC) #Mumbai #Maharashtra",
Singapore applauded all its health workers and first responders in the fight against #COVID19 at 8 PM today: Singapore’s Strait Times ,
"Adani Foundation is humbled to contribute Rs 100 cr to #PMCaresFund in this hour of India’s battle against #COVID19. Adani Group will further contribute additional resources to support governments and fellow citizens in these testing times: Gautam Adani, Chairman, Adani Group ",
"On the appeal of Prime Minister Narendra Modi, to combat #COVID19, all paramilitary forces personnel have contributed their one day salary (total Rs 116 crores) to #PMCARES fund. I express my gratitude to all: Home Minister Amit Shah",
"Odisha: BJD MP Achyuta Samanta through KISS Foundation is distributing food to needy along with dry fruits for children in Bhubaneswar. He is also feeding around 1500 monkeys, 2000 stray dogs and birds. #COVID19 (28.03.20) ",
Delhi: Union Home Minister Amit Shah holds high-level meeting over #COVID19 ,
"39 new #COVID19 positive cases reported in Kerala. 34 from Kasargod, 2 from Kannur and one each from Thrissur, Kozhikode, and Kollam. This takes the total positive cases in the state to 176, including 12 discharged patients: Kerala Chief Minister Pinarayi Vijayan ",
Sachin Tendulkar has donated Rs 25 Lakh each to PM's Relief Fund and Maharashtra Chief Minister's Relief Fund to fight the #COVID19 pandemic. (file pic) ,
"Nearly 11,000 convicts & undertrials who are imprisoned for offences with prescribed punishment up to 7 years or less should be released on emergency parole or furlough to reduce overcrowding in prisons & to contain #COVID19 outbreak: Maharashtra Home Minister Anil Deshmukh ",
"Last date to pay electricity bills for the months of March& April, extended till May 15. No fixed electricity charge for April to be levied on industrialists & shop keepers. They will be charged only for their actual electricity usage: Gujarat Chief Minister Vijay Rupani #COVID19 ",
$5 trillion to be injected into the global economy by G20 countries to combat #COVID19 pandemic. ,
"Bihar: One more #COVID19 case in the state, a 20-year-old boy from Patna with no travel history, confirms Nalanda Medical College and Hospital (NMCH). The total number of positive cases in the state rises to 7. ",
"Delhi: Sapna & Sanjay, a couple has been living on the streets near Jantar Mantar, even as country is under lockdown. Sanjay says, ""We have exhausted our rations & don't know what will happen now. My wife is 8 months pregnant, my heart aches that she has to go hungry"". #COVID19 ",
"Indian students currently in Pakistan should observe precautions against #COVID19 and stay safe. They may contact High Commission at 03028514549: High Commission of India, Islamabad",
We have decided to donate Rs 25 crores to #PMCARES Fund to fight against #COVID19 in India. We are also supplementing it with on the ground donation drives in villages across India: Indian Farmers Fertiliser Cooperative Limited (IFFCO) ,
Larsen & Toubro Limited(L&T) has committed Rs 150 crores to the #PMCaresFund to support the fight against #COVID19 ,
"Andhra Pradesh: Sub Inspector Maruti Sankar, Peapally Mandal, Kurnool district rides a horse painted with images of #COVID19 virus, to create awareness among the public about the pandemic ",
Kerala: Three members of a family who returned from Italy and their two close relatives who had tested positive for #COVID19 were discharged from Pathanamthitta general hospital on March 30.,
"To assist low income group customers impacted by #COVID19 crisis, Airtel has extended pre-paid pack validity for over 80 million customers till April 17. These customers will continue to get incoming calls on their Airtel numbers even after validity of plan is exhausted: Airtel ",
"A total of 174 possibly infected #COVID19 patients have been admitted at Lok Nayak Hospital, of which 163 patients are from Nizamuddin. 85 patients came yesterday while 34 were admitted today. We have made all arrangements for them: Senior Official, Lok Nayak Hospital, Delhi",
"We have served notices for holding a religious gathering here (in Nizamuddin) during #CoronavirusLockdown. We are examining the matter. Action will be taken if required and then FIR will be filed immediately: RP Meena, DCP South East. #COVID19 https://twitter.com/ANI/status/1244607391280148480",
Delhi: 1000 lunches were distributed today by the Army Wives Welfare Association to the representatives of Delhi Government who will be distributing it to migrant labourers. #COVID19 ,
"#WATCH Chhattisgarh: A policeman, Abhinav Upadhyay sings a song to spread awareness about #COVID19 in a residential area of Civil Lines in Bilaspur. A woman had tested positive for the disease in the city after returning from Saudi Arabia. There are 7 COVID-19 cases in state. ",
"Prime Minister Narendra Modi interacts with members of various social welfare organisations, through video conferencing, over #COVID19. ",
"Contact tracing teams reporting that despite so many appeals ppl still hiding travel histories. Couple which tested positive in Srinagar y'day hid international travel history. This is criminal. Society is being put at risk: Rohit Kansal,Principal Secy(Planning),J&K Govt.#COVID19 ",
JSW Group commits Rs 100 crores as a direct contribution towards the #PMCaresFund #COVID19 ,
"This is that time when all that matters is the lives of our people & we need to do anything and everything it takes. I pledge to contribute Rs 25 crores from my savings to PM Modi ji’s PM-CARES Fund. Let’s save lives, Jaan hai toh jahaan hai: Bollywood Actor Akshay Kumar.#COVID19 https://twitter.com/ANI/status/1243862303180607490",
"Fresh case of #COVID19 has been reported in Chandigarh. Symptoms of Coronavirus was found in the patient 15 days after their arrival from Dubai. Contact tracing underway: Manoj Parida, Advisor, Chandigarh Administration",
#WATCH We have built a concoction of cytokines which can be injected to reactivate the immune system in #COVID19 patients. We're in a very initial stage&amp;hope to be ready with its first set by this weekend. We have applied to the govt for an expedited review: Oncologist Vishal Rao ,
United Kingdom Prime Minister Boris Johnson tests positive for #COVID19 ,
"Indian Army has code-named its anti #COVID19 operations as Operation Namaste. Army has, so far, established eight quarantine facilities across the country. ",
"#WATCH West Bengal Chief Minister Mamata Banerjee seen directing officials and vendors to practice social distancing, in a market in Kolkata. #COVID19 ",
#COVID19 cases in Delhi have risen to 36. A mohalla clinic doctor &amp; 4 others have been tested positive after they came in contact with an infected woman who returned from Saudi Arabia. The doctor's wife &amp; daughter have also tested positive: Delhi Health Minister Satyendar Jain ,
"Asking people to stay at home & shutting down population movement is buying time & reducing the pressure on health systems. But on their own, these measures will not extinguish epidemics: Tedros Adhanom Ghebreyesus, Director-General of WHO #CoronavirusLockdown #COVID19 ",
"Govt extends benefit of 2% interest subvention (IS) to banks and 3% prompt repayment incentive to farmers upto 31st May, 2020 for crop loans upto Rs.3 lakh given by banks which have become due or are becoming due between 1st March, 2020 and 31st May, 2020:Govt of India #COVID19",
"Jamiat Ulema-e-Hind writes to Prime Minister Narendra Modi offering space for isolation centres which can hold up to 10,000 people at different premises under their network. #COVID19 ",
Andhra Pradesh: A group of locals raised funds to distribute around 8 tonnes of vegetables to 1500 families in Jayanti village of Veerulapadu mandal in Krishna to help the village adhere to #CoronavirusLockdown. There are 18 active cases of #COVID19 in the state. ,
"Doctors working in Lok Nayak Hospital and GB Pant Hospital on #COVID19 duty would be provided accommodation at Hotel Lalit and payment of the same shall be borne by Govt of Delhi. Dist Magistrate would make 100 rooms available at the hotel:Health &amp; Family Welfare Dept, Delhi govt ",
"Punjab: Ramnagar Sainian village of Patiala dist sealed by the local admn as a precautionary measure after a 21-yr-old resident of the village, who returned from Nepal, tested positive for #COVID19 &amp; his 14-member family tested negative. Residents have been asked to stay at home.",
"Till today we have conducted 34,931 tests. Capacity utilization in the Indian Council of Medical Research (ICMR) network is around 30%. We have increased some labs, 113 have been made functional & 47 private labs have been given approval: R Ganga Ketkar, ICMR #COVID19 ",
Congress MP Rahul Gandhi writes to Prime Minister Narendra Modi offering suggestions on #COVID19. Gandhi says 'we stand together with the government in fighting and overcoming this tremendous challenge' ,
Finance Minister Nirmala Sitharaman contributes Rs 1 crore from her MPLADs funds for measures taken for prevention of #COVID19. (file pic) ,
"Karnataka: Essential grocery items being distributed to the needy by RSS Swayamsevaks in Vasantpur, Majestic, Hebbal, Thyagaraja Nagar and other areas of Bengaluru, amid countrywide lockdown in wake of #COVID19. ",
"There are now, more than half a million confirmed cases of #COVID19 and more than 20,000 deaths. These are tragic numbers, but let us also remember that around the world, more than a hundred thousand people have recovered: Tedros Adhanom Ghebreyesus, Director-General of WHO ",
"It is now clear that we have entered a recession. We project a rebound in 2021, but only if we contain the virus and prevent liquidity problems from becoming a solvency issue: Kristalina Georgieva, Managing Director of the International Monetary Fund (file pic) #COVID19 ",
Federation of Resident Doctors Association (FORDA) wrote to Prime Minister Narendra Modi over 'Teams of Doctors-on-Duty and efficient management of healthcare services in the on-going #COVID19 epidemic'. ,
We have built a concoction of cytokines which can be injected to reactivate immune system in #COVID19 patients. We're in a very initial stage &amp; hope to be ready with its first set by this weekend. We have applied to the govt for an expedited review: Oncologist Vishal Rao ,
"Delhi: Migrant labourers have started leaving for their hometown in neighbouring states. A labourer says ""We're going to Badaun(UP) from Okhla. We're hungry from 2 days. Biscuit pack which used to cost Rs 10 now costs Rs 30. We've no money. We'll die either of hunger or #COVID19"" ",
"Delhi: A bus carrying 14 Japanese nationals was stopped by police at Delhi-Ghaziabad border today. Devendar Negi, bus driver says,""I picked them from a yoga centre in Rishikesh and was asked to drop them in Paharganj. I don't know if they have been tested for #COVID19"". ",
The death toll due to #COVID19 in United Kingdom jumps by more than 100 in a day for the first time: UK media,
"12 battalions & 50 sub-units deployed across country on standby. 400 personnel geared with Personal Protective Equipments (PPEs) are present in every battalion. We are ready to act anytime if states need: SN Pradhan, Director General of National Disaster Response Force #COVID19 ",
"Gujarat: The 85-year-old woman who passed away in Ahmedabad today and was tested positive for #COVID19, had travel history to Saudi Arabia. ",
Total number of active #COVID19 cases so far in the country is 553. 43 cured/discharged/migrated cases &amp; 10 deaths: Ministry of Health and Family Welfare. ,
Odisha CM Naveen Patnaik sanctions 4 month advance salary payment to health care personnel. #COVID19 ,
Bihar: 4 new positive #COVID19 cases reported at Jawaharlal Nehru Medical College &amp; Hospital in Bhagalpur today. Total number of positive cases in the state rises to 15. ,
"Yesterday, I saw pictures of the gathering of thousands of people. When you are standing in a crowd, even if a single person among it is infected with #COVID19, you will also get infected. Think about your own life &amp; your family: Delhi Chief Minister Arvind Kejriwal ",
"Delhi: A high-level meeting of Union Ministers on #COVID19, underway at the residence of Defence Minister Rajnath Singh. Home Minister Amit Shah, I&amp;B Minister Prakash Javadekar, Petroleum Minister Dharmendra Pradhan &amp; other senior ministers also at the meeting. ",
"Kotak Mahindra Bank & Managing Director Uday Kotak personally, commit immediate support of Rs 50 crore to #PMCARES fund (Rs 25crore each): Kotak Mahindra Bank. #COVID19 ",
CBI officials to donate their one day salary to Prime Minister's citizen assistance and relief in emergency situations fund (PM CARES Fund) to help the Centre in efforts to fight #COVID19 ,
Our employees have raised Rs 20 crore as an initial contribution to the #PMCARES fund to fight the menace of #COVID19: Airports Authority of India ,
"CBSE has decided to contribute Rs 21,00,000 from all employees who have voluntarily come forward to donate their salaries. Accordingly, Group 'A' employees have donated two-day salary and Group 'B' and 'C' employees one day salary to #PMCARES fund: Anurag Tripathi, CBSE #COVID19 ",
"A Dornier aircraft of Indian Navy, carrying 60 samples for #COVID19 testing, took off from INS Hansa (located near Dabolim in Goa) to Pune in Maharashtra yesterday. The samples were carried by a technician from Goa State Health department. ",
"5 more people tested positive for #COVID19 in Maharashtra today (3 from Sangli and 1 each from Kolhapur &amp; Pune), taking the total number of confirmed cases in the state to 130: Maharashtra Health Department ",
I have decided to donate my one month salary to Prime Minister Relief Fund for #COVID19: Union Minister Nitin Gadkari (file pic) ,
Government of India allows doorstep delivery of medicines/drugs to people in view of the #COVID19 pandemic. Notification to be published soon in the Gazette of India. ,
"#WATCH Rajwati, a daily wage labourer, at Delhi's Fatehpur Beri: We are surviving without food &amp; water here. We request the government to help us. It is better to die of this disease (#COVID19) rather than dying of hunger. #CoronavirusLockdown",
"Total number of #COVID19 positive cases rise to 649 in India (including 593 active cases, 42 cured/discharged people and 13 deaths): Ministry of Health and Family Welfare ",
"Rs 1000 each to be released to 3.5 lakhs workers registered with the Building & Construction Workers Welfare Board in Jammu and Kashmir.Two installments of old age, disability and family pensions to be immediately released: Rohit Kansal, Principal Secretary Planning, J&K #COVID19",
"In view of #COVID19, it has been ordered to temporarily suspend the collection of toll at all toll plaza across India. This will not only reduce inconvenience to the supply of emergency services but also save critical time: Nitin Gadkari, Minister of Road Transport &amp; Highways ",
"Kerala Police today arrested 2535 people & seized 1636 vehicles across the state, over charges of violation of the countrywide lockdown. #COVID19 ",
Air India will evacuate over 300 Israel nationals from Delhi (India) to Tel Aviv (Israel) tomorrow. Boeing 777 AI-139 planes have been deployed for the evacuation operation. #COVID19 ,
"Next in line to the throne, Prince Charles has tested positive for #COVID19: UK media (file pic) ",
"I had a meeting with e-commerce website representatives, they shared the problems faced by them in the movement of essential goods. We have issued passes to them and assured that their delivery agents will be helped by the police: Delhi Police PRO MS Randhawa #COVID19 ",
"A pastor with a travel history to Amsterdam in Netherlands has been tested positive for #COVID19. He has been shifted to Zoram Medical College. This is the first case in Mizoram: R Lalthangliana, state Health Minister ",
Party President and MP Dr. Farooq Abdullah today released an additional amount of Rs 1.5 crore to Srinagar based hospitals. The amount is to be equally distributed among three hospitals: National Conference #COVID19 (file pic) ,
"5 more persons have tested positive for #COVID19 in Madhya Pradesh; 4 are from Indore &amp; 1 from Ujjain. The cases from Indore are men of ages 40 years, 48 years, 21 years and 38 years. The case from Ujjain is of a 17-year-old female: Mahatma Gandhi Memorial Medical College, Indore",
All India Indian Revenue Service Association has passed a resolution for IRS officers of all regions to contribute at least a day's salary (or more if so advised by the officers) towards the relief efforts against #COVID19,
"Chief Secretary Asit Tripathy along with 5-T Secretary&Principal Secretary Health, inspected premises of 500 bedded, well-equipped #COVID19 Hospital in Bhubaneswar, it will be functional in a week time; the team reviewed the progress at KIMS Campus: Odisha Chief Minister's Office ",
I have asked MLAs to request migrant workers to not leave Delhi as we have made arrangements for all. I will appeal that initiative of lockdown taken by PM is necessary to contain this epidemic. If people will migrate then #COVID19 cases will rise: Delhi Chief Min Arvind Kejriwal ,
Prime Minister’s Citizen Assistance and Relief in Emergency Situations Fund has been constituted. This will go a long way in creating a healthier India. People from all walks of life can donate to this fund: PM Narendra Modi. #COVID19 ,
Uttarakhand government issues #COVID19 control room numbers of all districts of the state. ,
"Even if there is an increase of 100, 500, or 1000 cases in a single day, we are ready for it. Testing kits, ambulances, & ICU beds have been arranged. We are not saying cases will increase, we are just preparing ourselves for any eventuality: Delhi CM Arvind Kejriwal #COVID19 ",
"Delhi: Reliance Shop in South Delhi has marked spots for customers to ensure that they practice #SocialDistancing while standing in queue, their temperature is being checked with temperature gun &amp; they're being given hand sanitisers &amp;hand gloves before entering the shop. #COVID19 ",
"A #COVID19 positive person has died in Bhilwara, Rajasthan. He had comorbid conditions including diseases relating to kidney and blood pressure: Rajan Nanda, Principal, Mahatma Gandhi Hospital ",
"Prime Minister's Office: PM Narendra Modi had a telephonic conversation today with Sheikh Tamim Bin Hamad al Thani, the Amir of Qatar. The two leaders discussed the ongoing developments related to the #COVID19 global pandemic and its social and economic impact. (file pics) ",
3 persons have tested positive for #COVID19 in Goa. We have quarantined everyone including their family members: Goa Chief Minister Pramod Sawant (File pic) ,
Prime Minister Narendra Modi today addressed other G20 leaders during the #G20VirtualSummit on coordinated global response to the #COVID19 pandemic &amp; its human &amp; economic implications. NSA Ajit Doval &amp; External Affairs Minister S Jaishankar were also present. ,
We are spraying sodium hypochlorite in rural areas. It is a good disinfectant & will help in containing #COVID19. We have also extended MLA funds by Rs 5 lakh. Government is taking all measures to ensure that people receive essential commodities: Rajasthan Deputy CM Sachin Pilot ,
Odisha will be the first state in the country to set up such a large scale hospital exclusively to treat #COVID19 patients ,
"Sample result of a #COVID19 affected UK citizen has been found to be negative. He was administered a combination of 2 anti-HIV drugs. The drugs, Ritonavir &amp; Lopinavir were administered after getting the state medical board's&amp;the man's approval: District Admn Control Room, Kerala ",
"Research by scientists from US,Europe,China,Japan,WHO show there's no certain conclusion to origin of #COVID19. Although Wuhan first reported the outbreak,there's no evidence that China is source of the virus.Chinese ppl are also victims of the virus:Spox,Chinese Embassy in India",
"Health officials, Police personnel, mediapersons, doctors& medical staff(of Govt hospitals) to be given insurance, Chief Minister Trivendra Singh Rawat announces in assembly. #COVID19 (file pic) ",
Free meals being provided by Delhi Government at a 'Rain Basera' on Baba Kharak Singh Marg. Chief Minister Arvind Kejriwal and Lt Governor Anil Baijal had assured in the media briefing earlier today that no one will sleep hungry in the city during #21daysLockdown. #COVID19 ,
Number of #COVID19 cases in India rises to 562(including 40 cured/discharged and 9 deaths): Union Health Ministry ,
"Apart from Maldives, we are ready to dispatch Rapid Response Teams (RRTs) to Nepal for assisting them with the current #COVID19 situation. Other assistance as sought by MEA/MoD for other countries will be provided as &amp; when required: Indian Army officials on regional assistance",
"#WATCH When we withdraw blood for regular check-ups, we get buffy coat which can be used to take out cells &amp; form interferon. These two chemicals &amp; some other cytokines, in a specific concoction,could be potentially very useful in treating #COVID19 patients: Oncologist Vishal Rao ",
"Army has successfully come out of all operations in the past, and will successfully execute Operation Namaste as well: Army Chief General MM Naravane on preparations by his force against #COVID19 ",
"Second positive case of #COVID19 in Andamans. He had traveled with the first positive case. Both in hospital and protocols being followed: Chetan Sanghi, Chief Secretary, Andaman and Nicobar Islands",
"In view of #COVID19, Muslims are recommended to offer Zuhur at home instead of praying Jumah at mosques. Don't come out for congregational prayers &amp; stay at homes. It is mandatory upon all to avoid causing harm to their fellow citizens: All India Muslim Personal Law Board ",
"5 more people tested positive for #COVID19 today in Rajasthan, taking the total positive cases in the state to 43: Rajasthan Health Department ",
"There was no discussion on the origins of #COVID19, during the #G20VirtualSummit. The spirit was collaborative &amp; discussions were held on how to deal with the current crisis. There were no efforts to ascribe blame to anyone for the outbreak of the virus: Sources",
"Nagpur's first #COVID19 patient discharged from Indira Gandhi Medical College &amp; Hospital (IGMC) after his second sample tested negative: Dr. Ajay Keoliya, Dean IGMC Nagpur. #Maharashtra",
"DRDO scientists are working on the development of many products to tackle #COVID19. Sanitizers developed by us have been distributed to many people. In the last 15-20 days, we have supplied more than 20,000 sanitizer bottles to various agencies: DRDO Chairman, Dr G Satheesh Reddy ",
"Indian Air Force (IAF) has created 9 quarantine facilities of 200-300 personnel capacity each, at nodal IAF bases across the country. Command Hospital Air Force Bangalore (CHAFB) has been designated as the 1st laboratory in the IAF to undertake #COVID19 testing: Indian Air Force ",
"On our request, work has started in around 17 states for #COVID19 dedicated hospitals: Lav Aggarwal, Joint Secretary, Union Health &amp; Family Welfare Ministry ",
Indian Army issues fresh instructions reiterating enhanced measures to fight #COVID19 ,
"Resident Doctor's Association,AIIMS has written letter to Health Secretary,Govt of Haryana saying,'#21daysLockdown has not been implemented by PGIMS,Rohtak. It has put students at risk of acquiring #COVID19 as they attend classes in group of more than 200 as per RDA,PGIMS Rohtak'",
"We call on all countries who have introduced so-called lockdown measures, to use this time to attack the virus. You have created a 2nd window of opportunity, the question is how will you use it?: Tedros Adhanom Ghebreyesus, Director-General of World Health Organization #COVID19 ",
"3 persons tested positive for #COVID19 in Goa. A 25-year-old man with travel history to Spain, a 29-year-old man with travel history to Australia and a 55-year-old man with travel history to United States. All three are stable: Directorate of Health Services, Government of Goa ",
"Control room traced 152 undeclared cases of persons in Srinagar, who had returned from foreign countries. They have been put under quarantine. We continue to request people to come forward and self-report: Shahid Choudhary Srinagar District Magistrate, Jammu and Kashmir #COVID19",
"Jammu & Kashmir: Lieutenant Governor, Girish Chandra Murmu today directed Labour&Employment Dept to release Rs 1000 to each of 3.50 lakh workers registered with Building & Other Construction Workers Welfare Board for purchase of ration during the 21 days lockdown period. #COVID19 ",
"Total number of #COVID19 positive cases rise to 606 in India (including 553 active cases, 42 cured/discharged people and 10 deaths): Ministry of Health and Family Welfare ",
"Jammu and Kashmir: People who were flouting restrictions that have been imposed amid lockdown, made to sit in circles drawn to maintain social distance, in Jammu. #COVID19 ",
Karnataka: People in #Bengaluru practice social distancing. Visuals of circles been drawn outside a grocery store (24.3.20) #COVID19 #lockdown (Source: Police),
PM expressed his condolences on the loss of life in European Union due to #COVID19. He emphasized on need for coordination&amp;cooperation among all countries to fight the pandemic. PM also dwelt on the steps taken by India for containing the spread of #Coronavirus infection: PMO,
"PM Narendra Modi today had a telephonic conversation with Ursula Von Der Leyen, President of the European Commission. The two leaders discussed the global situation in the context of ongoing #COVID19 pandemic: Prime Minister's Office (File pic) ",
"A total of 30 #COVID19 positive cases have been reported in Delhi so far (including 29 Indians and 1 foreign national; 6 people discharged). 1 person died today, taking the total death toll in the union territory to 2. ",
"My fellow citizens, THERE IS ABSOLUTELY NO NEED TO PANIC. Essential commodities, medicines etc would be available. Centre & various state governments will work in close coordination to ensure this. Together, we will fight #COVID19 and create a healthier India. Jai Hind!: PM Modi ",
"Lockdown of 21 days is a long time, but this is important for you and your family's safety. I believe that every Indian will not only successfully tackle this challenge but also emerge victorious in this time of crisis: PM Modi #COVID19 ",
"Delhi: PM Narendra Modi interacts with doctors through video conferencing, over #COVID19. ",
"8 positive patients who are asymptomatic and the two consecutive reports of whom had come negative for #COVID19, are getting discharged today: BMC Health Department #Mumbai",
We have decided to give Rs 5000 each to all construction workers as their livelihood has been affected. We are also increasing the number of night shelters in the city: Delhi Chief Minister Arvind Kejriwal #COVID19 ,
"#WATCH: Delhi CM Arvind Kejriwal says,""There are many daily wage earners in Delhi who stay at rented homes. If some tenants are not in a condition to pay their rents to landlords, they can be given some concession for 2-3 months."" #COVID19 ",
In last 40 hours no new patient has been tested positive for #COVID19 in Delhi. Of the 30 patients some patients have gone home. There are only 23 patients now: Delhi CM Arvind Kejriwal ,
The empiric use of Hydroxychloroquine for prophylaxis of SARS-Cov-2 infection is recommended only for asymptomatic healthcare workers involved in the care of suspected or confirmed cases of #COVID19 and asymptomatic household contacts of laboratory-confirmed cases: ICMR ,
"118 govt laboratories included in ICMR network of #COVID19 testing. The network has capacity to test 12000 samples a day. 22 private laboratory chains, with about 15,500 collection centres, have been registered with ICMR till today: Indian Council of Medical Research (ICMR)",
"Maharashtra: Pune based Mylab Discovery Solutions Pvt Ltd has developed India's first indigenous #COVID19 testing kit that has been approved by the Indian Council of Medical Research (ICMR). A single kit costs Rs 80,000 &amp; can test 100 patients. ",
"#WATCH Bihar: 'Nikah' of a couple was performed through video conferencing in Patna yesterday, amid lockdown in the state due to #COVID19. ",
Entire West Bengal to be put under lockdown from 5 pm today till 31st March: West Bengal Chief Minister Mamata Banerjee in Nabanna #COVID19 ,
Work is going on and we are very close to coming up with an economic package that will be announced sooner rather than later: Union Finance Minister Nirmala Sitharaman in Delhi #COVID19 ,
"About Rs 52,000 crores is available as cess fund and about 3.5 crore construction workers are registered with these construction welfare boards. #COVID19 ",
"Santosh Kumar Gangwar, MoS Ministry of Labour and Employment has issued an advisory to all states & UTs to transfer funds in the account of construction workers through DBT (Direct Benefit Transfer) mode from the cess fund collected by the Labour Welfare Boards. #COVID19 ",
"#WATCH Maharashtra: India's first dedicated #COVID19 hospital in Mumbai, set up by Reliance Industries. 101 positive #COVID19 cases have been reported in the state, so far. ",
Two patients who tested positive for #COVID19 in Ladakh have been completely cured. Total positive cases in Ladakh is 11 now.,
West Bengal: Bengal Imams Association has urged all mosques to prohibit the entry of people in mosques. Only 4-5 with Imam will perform azan. People should offer prayers inside their houses. All mosques in state should follow the order till 9 April in wake of #COVID19.,
"Delhi: Huge crowd seen at a vegetable market in Daryaganj, amid lockdown in the national capital. #COVID19 ",
"In last 24 hours, no new case of #COVID19 reported in Delhi. 5 ppl have been discharged after treatment. Biggest challenge right now is that we don't have to let the situation turn uncontrollable, under any circumstance. Contribution of all is needed in achieving this: Delhi CM ",
#WATCH West Bengal: Police took stern action against lockdown violators in Cooch Behar. West Bengal government has imposed lockdown in the state including rural and urban areas to control the spread of #COVID19. ,
"#WATCH An airline staff appeals to all not to spread rumours and instead educate yourself &amp; others about #COVID19, after she gets harassed by people in her housing society for allegedly spreading #Coronavirus.",
"Maharashtra:Work of sanitisation of Municipal Hospital is underway by a team of Mumbai Fire Services. An officer says,""We're using Quick Response Vehicle to spray disinfectant Sodium Hydrochloride Solution diluted in water. Priority to be given to quarantine facilities."" #COVID19 ",
"#WATCH Delhi Police makes use of drone near Jamia Millia Islamia (JMI) protest site to monitor the situation in the area, amid complete lockdown in Delhi. Police cleared the protest site earlier today, in wake of #COVID19. https://twitter.com/ANI/status/1242303169360580610",
"Karnataka: A group of Kashmiri students held protest at Bengaluru Airport y'day after suspension of operations of domestic airlines. A student says, ""We've booked tickets to Kashmir for flights scheduled on 27&28 March;now this order has been issued.What will we do now?"" #COVID19 ",
"Delhi: Delhi Police clears the protest site in Shaheen Bagh area, amid complete lockdown in the national capital, in wake of #COVID19 ",
"Delhi: Security tightened at the protest site in Shaheen Bagh, after a prohibitory order under section 144 Cr PC has been promulgated in Delhi, in the light of the #COVID19 pandemic. ",
"Strictly implementing social distancing measures like home quarantine will reduce overall expected number of cases by 62% & peak number of cases by 89%, thus 'flattening' the curve & providing more opportunities for interventions: Indian Council of Medical Research study #COVID19 ",
"I am calling for an immediate global ceasefire in all corners of the world. It is time to put armed conflict on lockdown and focus together on true fight of our lives, pull back from hostilities and put aside mistrust & animosities: UN Secretary-General Antonio Guterres #COVID19 ",
India like China is hugely populated&future of #COVID19 to greater extent will be determined by what happens in densely populated large countries. It is really important that India continue to take aggressive action at public health level: WHO Executive Director Dr Michael J Ryan ,
"Odisha Chief Minister's Office:CM Naveen Patnaik has donated his 3 months’ salary to Chief Minister's relief fund to help those affected by #COVID19,reiterating that extraordinary circumstance demands extraordinary response. CM has appealed all to donate generously for the cause. ",
"Curfew will be imposed in Bhopal & Jabalpur from tomorrow.Also, people should strictly follow lockdown imposed in 36 districts of state. I appeal to people to stay at home for all of us.Emergency&essential services will be available to people: MP CM Shivraj Singh Chouhan #COVID19 https://twitter.com/ANI/status/1242156666390335490",
"Police have registered a case against a person in Sambalpur, Odisha for violating the #COVID19 quarantine guidelines. The person has recently returned from Uzbekistan: Odisha Police PRO (Public Relations Officer), SN Parida",
"AIIMS Resident Doctor's Association has written letter to Director,AIIMS saying,'We've been approached by PSUs&corporates from all over country with offer for help. 2 of them, Bharat Dynamics&POSCO India have offered funds. Kindly,ensure speedy processing of proposal' #COVID19",
"255 persons arrested in Kolkata for violating restriction order & prosecuted under section 188 of Indian Penal Code. I appeal to all citizens to stay home and cooperate with the administration: Anuj Sharma, Kolkata Police Commissioner #COVID19 #WestBengal",
"Bhopal: Shivraj Singh Chouhan holds a high-level meeting with officials to review preparedness in the wake of #COVID19, after taking charge as the Chief Minister of Madhya Pradesh, today. https://twitter.com/ANI/status/1242144574262272008",
"Tamil Nadu: A special Air Asia flight landed at Chennai Airport today, after evacuating 113 persons including one woman, from Malaysia. All passengers are being shifted to the Indian Air Force facility at Tambaram Air Force Station near Chennai for quarantine. #COVID19 ",
"Team lead by colleague Masarat Hashim KAS & involving brilliant professionals tracked more than 65 people who returned from affected countries skipping screening&changing routes. Amazing job. Srinagar is thankful to all for inputs: Shahid Choudhary, Srinagar DM #COVID19 ",
"Ministry of Home Affairs issues letter to stop all incoming passenger traffic on all 107 immigration check posts (ICPs) which includes all airports ICPs, land ports ICPs, rail ports ICPs, river ports ICPs in view of the spread of #COVID19. ",
"Three new #COVID19 positive cases in Tamil Nadu — 25 year-old who had returned from London, 48-year-old had returned from London and 54-year-old resident of Anna Nagar. All three are in isolation &amp; treatment: Dr C Vijayabaskar, Tamil Nadu Health Minister (File pic) ",
"Telangana Police has registered a case against a Deputy Superintendent of Police and his son who had returned from UK, for not following quarantine protocol. The DSP's son has been tested positive for #COVID19 now.",
"As a BJP worker, I'll work honestly for development of MP. But right now the aim is to stop spread of #COVID19. I've appealed to party workers to not celebrate the oath-taking ceremony&amp;not come out on streets. They should stay at home &amp; pray for the newly formed govt: SS Chouhan https://twitter.com/ANI/status/1242086086458793984",
"Total #COVID19 positive cases rise to 97 in Maharashtra: Health Minister, PRO",
"Airborne spread hasn't been reported for #COVID19. Chinese authorities reported possibility of aerosol transmission in a relatively closed environment with prolonged exposure like ICUs-CCUs in hospitals, but more epid data analysis is needed to understand this:WHO South-East Asia ",
"I would like to pledge Rs.50 lakh from my MPLAD fund for equipment that may be needed for #COVID19 treatment in Delhi Govt hospitals.Kindly,direct officers-in-charge to let my office know about requirements:Gautam Gambhir,BJP MP from East Delhi in a letter to Delhi CM (File pics) ",
"Assessing the current situation, I have advised Commissioner Navodaya Vidyalaya to make their hostels (where no students are staying) available for the respective district administrations, aiding them to fight #COVID19: Union HRD Minister Ramesh Pokhriyal ",
"Chandigarh MP Kirron Kher releases Rs 1 crore from MP Local Area Development Fund (MPLAD) for the 'purchase of essential items especially ventilators' by Government Medical College and Hospital, Chandigarh, to curb #Covid19. (File photo) ",
Families having ration cards will get free ration for 1 month&pensioners will get 3 months' pension in advance. Every family having ration cards in lockdown areas will get Rs 1000. Students of Class 1 to Class 12 will get scholarships till March 31: Bihar CM Nitish Kumar #Covid19 ,
"If anyone is caught moving around without valid reason they will be sent to jail under non-bailable offence. Case will be registered under Section 270 of Indian Penal Code: CB Rishyanth, Superintendent of Police, Mysore (Karnataka) #COVID19 ",
"Two persons of Awantipora area had concealed their travel history in order to evade necessary quarantine process. Case FIR No. 35/2020 u/s 188,270,271 IPC has been registered against them at Police Station Awantipora: Jammu & Kashmir Police #COVID19",
We will take legal action against those who return from foreign countries & roam freely skipping self-quarantine; their passports will be seized: Tamil Nadu Health Minister C Vijayabaskar. #COVID19 (File pic) ,
"Prime Minister Narendra Modi interacts with media heads through video conferencing, over #COVID19 ",
Looks like we'll be taking an extended period of rest and social distancing. We hope you do too. Stay home and stay safe: Delhi Metro Rail Corporation (DMRC). #COVID19 ,
"The Supreme Court makes preparations for hearing of matters through video conferencing for the first time, due to #COVID19. ",
"Government of India asks states to strictly enforce lockdown, legal action will be taken against violators. #Covid19 ",
"I'm a little upset with China. As much as I like President Xi & respect the country, I admire what they have done in short period of time. I asked if we could send some people to help them, they didn't want it, at a pride. They didn't respond: US President Donald Trump #COVID19 ",
"Medical, IT&Surveillance teams, y'day, tracked 29 people coming from foreign countries, who skipped medical teams by changing routes or avoiding travel history. Thankful to those who made calls&sent messages to control room: Shahid Choudhary, Srinagar District Magistrate #COVID19 ",
Persons who have been diagnosed as infected with #COVID19 shall mandatorily remain in isolation facility of hospital and shall leave the premises only after being discharged by the treating doctor: Government of Delhi ,
#WATCH: Pilots of Air Asia Pune to Delhi flight step out of the flight through rear gate after passengers possibly infected with #Covid19 sat in Row 1 of the flight. The passengers were later tested negative. (March 20) https://twitter.com/ANI/status/1241775709271388162,
"There was a case reported of suspected #Covid19 passengers aboard I5-732, Pune to New Delhi on 20th March 2020, seated in Row 1. The passengers were subsequently screened and tested negative: Air Asia Spokesperson",
A person has been arrested under section 151 of CrPC for spreading misinformation about a girl being infected with #Covid19 in Dalanwala area of Dehradun in Uttarakhand: Police,
"Number of #Covid19 cases rises to 21 in Punjab, according to the State Health Department. One person has died in the state due to the disease.",
"More cases of #Covid19 may be reported in Kerala as many people, who were asked to remain in home quarantine after returning from affected countries, are participating in functions where they may infect others. Such people will be punished: Kerala Health Minister KK Shailaja ",
"AIIMS building in Haryana's Jhajjar, which has 800 beds, will be used exclusively to treat #COVID19 patients: Indian Council of Medical Research Director-General Balram Bhargava ",
"One #COVID19 positive patient, male 69 yrs, died today in Surat hospital. He was having co-morbid conditions. One female, 65 years, died in Vadodara hospital but her test report for COVID is awaited. She was also having comorbid conditions: Health &amp; Family Welfare Dept, Gujarat ",
"Section 144 imposed from 9 pm to 12 am (midnight) in commissionerate limits to ensure people do not come out of their home once the #JanataCurfew ends: Bhaskar Rao, Commissioner of police, Bangalore city. #COVID19",
"We've decided that inter-city&inter-state bus services will remain suspended till 31 March. People should travel minimum during the lockdown, they should not rush from the city or village they are living in at present to other places: Uttarakhand CM Trivendra Singh Rawat.#COVID19 ",
"Some people from elite class return from London&take part in public events. Strict action must be taken against them. In such a sensitive issue,each one of us must be extra cautious&follow all guidelines in order to control the spread of #COVID19:Rajya Sabha Dy Chairman Harivansh ",
"#WATCH Mumbai: Marine Drive deserted today as people choose to stay indoors amid the nationwide #JantaCurfew announced by Prime Minister Narendra Modi, in wake of #COVID19 ",
"In the upcoming days, we will declare the names of the 18 people who have tested positive for #COVID19 in Gujarat so that people who came in contact with them come to know that they have met them&amp;will take proper actions: Gujarat Deputy Chief Minister Nitin Patel. (File pic) ",
"Bihar: The 38-year-old man who has passed away at AIIMS in Patna and tested positive for #COVID19, had foreign travel history to Qatar. ",
"A 38-year-old man has passed away in Bihar today due to kidney failure; he has been tested positive for #Covid19. He was from Munger. He died yesterday at AIIMS in Patna; had returned from Kolkata two days back: Dr. Prabhat Kumar Singh, AIIMS Patna, Bihar ",
"Himachal Pradesh: Shops closed and streets empty in Shimla, as countrywide #JanataCurfew is being observed today in wake of #COVID19. ",
"Punjab CM Captain Amarinder Singh:Ordered statewide lockdown till 31 March to check spread of #COVID19. All essential Govt services to continue&amp;shops selling essential items such as food,medicines, etc to be open. DCs&amp;SSPs have been directed to implement restrictions immediately. ",
"Delhi: Police personnel near Barakhamba road offer flowers to the locals out on roads, requesting them to stay at home and observe the countrywide #JanataCurfew today. #COVID19 ",
"Delhi: Policemen at Connaught Place offer flowers to the locals out on roads, requesting them to stay at home and observe the countrywide #JanataCurfew today. #COVID19 ",
"#WATCH Jammu and Kashmir Police in Doda appeals to the public not to step outside their homes during #JantaCurfew, in order to control the spread of #COVID19 ",
"Jammu & Kashmir: Self-imposed #JantaCurfew being observed in Doda, in order to control the spread of #COVID19 ",
"Jharkhand: Deserted Ranchi Railway Station, as all passenger & intercity trains have been cancelled till 10 pm today, in view of #JantaCurfew announced by Prime Minister Narendra Modi. #COVID19 ",
"Himanta Biswa Sarma, Assam Minister: The 4-year-old child who was suspected of #COVID19 and tested in Jorhat Medical College and Regional Medical Research Center, Dibrugarh has been found negative. There is no COVID-19 positive case in Assam so far. ",
"Prime Minister Narendra Modi says, Let us all be a part of #JantaCurfew, which will add ""tremendous strength to the fight against #COVID19 menace."" The self-imposed curfew to be observed till 9pm today; Visuals from Punjab's Ludhiana ",
Maharashtra: Deserted roads in Nagpur following commencement of #JantaCurfew from 7 am today. Prime Minister Narendra Modi had appealed for the self-imposed curfew in his address to the nation on 19th March. #COVID19 ,
Embassy of India in Italy: 263 Indian students & compassionate cases departed for India by special Air India flight from Rome fulfilling our commitment to ensure their safe return home. Sincere folded hands to Air India & Italian authorities. #COVID19 ,
"Indian Council of Medical Research (ICMR) issues guidelines for #COVID19 testing by private laboratories. Maximum cost for testing samples capped at Rs 4,500 (Rs 1,500 for screening test for likely cases &amp; additional Rs 3,000 for confirmation test). ",
"All District Magistrates in Kerala have been authorized to invoke provisions of section 144 of the Criminal Procedure Code (CrPC), as and when required to prevent the spread of #COVID19: Government of Kerala",
"Number of #COVID19 positive cases in Delhi rises to 27. Out of the 27 positive cases, 20 people are currently admitted in various hospitals, whereas 5 have been discharged, one person has migrated out of the country &amp; one person has lost his life: Delhi Health Department",
"Union Min Dharmendra Pradhan: I appreciate the decision of locking down 5 districts including 8 major towns of Odisha announced by Odisha CM&urge Odia people to support state&central Govts by practising restraint,avoiding social gathering to win the battle against #Covid19. ",
"Punjab Chief Minister's Office: Amid the #COVID19 restrictions,Punjab CM Captain Amarinder Singh today announced an immediate relief of Rs 3000 each for all the registered construction workers in the state. Money would be transferred to the bank accounts of the workers by Monday.",
"Maharashtra: Roads in Nanded city area in Pune sanitized by Fire Brigade Department of Pune, earlier today. #COVID19 ",
"Indian authority has allowed KLM flight with Indian passengers to land in India tomorrow. A KLM flight was returned to Amsterdam today, as following the govt earlier orders, passengers from Europe, including Indian passport holders, were not allowed to land in India. #COVID19",
"Goa Chief Minister Pramod Sawant: Tourists should not come to Goa before March 31. Beaches, restaurants and many public places will remain closed, in wake of #COVID19. (File pic) ",
"PM: Fearing #Coronavirus, many of my brothers&amp;sisters are leaving the city where they earn a living&amp;returning to their villages.Traveling in crowd increases risk of #COVID19 infection.Wherever you're going,it'll pose danger to ppl there too. It'll increase difficulties for them. ",
"Dushyant Singh, BJP MP: My #COVID19 report is negative. As a precautionary measure, I am currently in isolation and following all instructions. ",
"Vasundhara Raje, BJP leader: After conducting a #Covid19 test, I’m happy to inform you that the results came back negative. However, as a preventive measure, my son and I will continue to be in isolation for 15 days. ",
Himachal Pradesh Police has registered an FIR against two persons who tested positive for #COVID19 as they were not cooperating with the Health Department and Administration: Himachal Pradesh Chief Minister Jairam Thakur ,
"Naveen Patnaik, Chief Minister of Odisha: To knockdown #COVID19, Naveen Patniak locks down 40% of Odisha including state capital for a week. It includes 5 districts and 8 major towns. 70% of the total 3200 foreign returnees belong to these districts. ",
Ministry of Railways: 8 passengers who had travelled on Andhra Pradesh Sampark Kranti Express from Delhi to Ramagundam on 13th March tested positive for #COVID19 yesterday. ,
Ministry of Railways: Railways has found that 4 passengers who travelled on Godan Express (Train 11055) from Mumbai to Jabalpur on March 16 have been tested positive for #COVID19. They came to India from Dubai last week. All concerned have been alerted to take necessary action.,
Sources added that this cannot be classified as community transmission as that would mean a bigger area of transmission. #Covid19 ,
Sources tell ANI that limited local transmission of #Covid19 has been seen in some pockets of Nagpur. Testing strategies being strengthened. ,
"Naval K Ram, Dist Magistrate,Pune, Maharashtra: 2 more people have been tested positive for #COVID19 in Pune, taking the total tally of positive cases in Pune to 23. One positive case has travel history to Ireland and the other does not have any recent travel history. (file pic) ",
"The total number of positive cases of #COVID19 in India now stands at 258 (including 39 foreigners), 4 deaths (1 each) in Delhi, Karnataka, Punjab and Maharashtra: Ministry of Health and Family Welfare ",
Please follow ICMR (Indian Council of Medical Research) guidelines on #COVID19 testing: Asymptomatic direct and high-risk contacts of a confirmed case should be tested once between day 5 and day 14 of coming in his/her contact. #Coronavirus,
"Kerala Government: All religious sites & places where people gather for worship to remain closed for two weeks in Kasargod district from 21st March. All clubs, cinema theaters & other establishments that conduct social events to also remain closed for the same period. #COVID19",
"GoAir: We will voluntarily suspend all flights on Sunday March 22, in support of the Janta Curfew proposed by Prime Minister Narendra Modi. We will protect all the PNRs dated 22 March 2020, for a period of one year under the 'Protect Your PNR' scheme. #COVID19 ",
"Abdulla Shahid, Maldives Foreign Minister: We welcome PM Narendra Modi’s initiative to create a #COVID19 Emergency Relief Fund and his pledge of USD 10 million. The government of Maldives joins the initiative &amp; pledge USD 2,00,000 to address issues emanating from COVID-19. ",
"Nagpur Municipal Corporation: All private, corporates and establishments to be completely shut down in the city, except those providing essential services. Fine of Rs 1,000 to be imposed for spitting at public places. #COVID19 ",
"France reports 78 more #COVID19 related deaths in the last 24 hours, total death toll rises to 450: AFP news agency",
"Tamil Nadu: Indian passengers who arrived at Madurai Airport from Dubai underwent 'home quarantine' stamping with indelible ink, earlier today. The stamp indicates the last day of quarantine. #COVID19 ",
"Bhutan has welcomed the establishment of the #COVID19 emergency fund as proposed by India at SAARC video conference and has decided to make an initial contribution of 100,000 US Dollars: Ministry of Foreign Affairs, Bhutan ",
"Two Indonesian nationals have tested positive for #COVID19 in Telangana. Total number of positive cases in the sate has reached 19: Dr. Shankar, Superintendent, Government Fever Hospital",
Four #COVID19 positive cases have been confirmed in Jabalpur. Three persons belong to the same family and have travel history to Dubai while the fourth person has travel history to Germany. #MadhyaPradesh,
"Prime Minister's Office: PM Narendra Modi, today, interacted with Chief Ministers of all states via Video Conferencing to discuss measures to combat #COVID19. PM said that threat of the pandemic is common for all states&amp;underscored the need for Centre&amp;all States to work together.",
Two #COVID19 positive cases have been confirmed from Kangra district: Himachal Pradesh CM Jai Ram Thakur. ,
"12 more persons have tested positive for #COVID19 in Kerala- 5 in Ernakulam, 6 in Kasaragod and 1 in Palakkad. There are total 40 Coronavirus positive cases in the state: Chief Minister Pinarayi Vijayan ",
"In Army Headquarters, the force has decided to reduce attendance in offices with effect from 23rd March, except personnel engaged in essential/emergency services directly involved in taking measures to control spread of #COVID19 ",
"Army Chief General MM Naravane, today, reviewed preparations of the force to tackle #COVID19. As per new Army advisory, 35% officers &amp; 50% Jawans to work from home adhering to home quarantine for a week starting 23 March. 2nd group to proceed on home quarantine from 30 March. ",
Five United Kingdom nationals who were in isolation ward at a hospital in Kochi have tested positive for #COVID19: Kerala Minister V S Sunil Kumar,
"Till now, 5 individuals have been tested positive for #COVID19 in Chandigarh. First case is of a young female (who had returned from England), who was found positive yesterday: Manoj Parida, Adviser to Administrator Department of Public Relations, Chandigarh.",
"Indian Armed forces are ready with Quarantine facilities for 900-1000 people in Jaisalmer,Vizag,Jodhpur&Gorakhpur. It's over&above of existing facilities.Forces can anytime increase capacity in short notice as well:Brig Anupam Sharma,Nodal officer of Defence Ministry for #COVID19 ",
"The total number of positive cases of #COVID19 in India now stands at 223 (including 32 foreigners), 4 deaths (1 each) in Delhi, Karnataka, Punjab and Maharashtra: Ministry of Health and Family Welfare ",
"One more #COVID19 positive case confirmed in Hyderabad, total number of positive cases reach 17 in the state. The person has travel history to London: Telangana Health Ministry ",
"Delhi: Lok Sabha Speaker Om Birla today inspected the Parliament building, in the wake of #COVID19 outbreak. ",
"In view of #COVID19, Union Public Service Commission has deferred the Personality Tests (Interviews) of the candidates of Civil Services (Main) Exam 2019 scheduled from 23 March to 3rd April, 2020 until further orders. New dates will be informed to the candidates in due course. ",
"Vasundhara Raje,BJP leader:While in Lucknow,I attended a dinner with my son Dushyant&his in-laws. Kanika, who has unfortunately tested positive for #Covid19 was also a guest. As a matter of abundant caution, my son&amp;I have immediately self-quarantined&amp;we’re taking all precautions. ",
"Singer Kanika Kapoor: For past 4 days I've had signs of flu,I got tested&it came positive for #COVID19. My family&amp;I are in complete quarantine&amp;following medical advice on how to move forward. Contact mapping of ppl I've been in touch with is underway.(pic:Kanika Kapoor's Twitter) ",
"Maharashtra CM Uddhav Thackeray: In Mumbai Metropolitan Region, Pune, Pimpri-Chinchwad, Nagpur - which have international airports, all shops (other than essentials) and offices to remain closed till 31st March, 2020. #COVID19 (file pic) ",
"Senior official to ANI on death of an Italian national in Jaipur today: He had recovered (from #COVID19), had tested negative &amp; was discharged by SMS hospital, Jaipur 4 days back. He was admitted again to a pvt hospital there, for his co-morbid condition, and died due to illness.",
"18 companies, including International and Indian companies, have got the test licence from Drug Controller General of India (DGCI) to do #COVID19 diagnostic tests in the country. ",
"Maharashtra: A couple tied the knot wearing masks in Vashi area of Navi Mumbai yesterday, in view of #COVID19 pandemic. Hand sanitizers, masks, &amp; packaged food were provided to around 50 guests who attended the wedding ceremony. ",
France has reported 108 new #COVID19 related deaths in the last 24 hours: AFP news agency,
"Government of Meghalaya: Government has decided to impose restrictions on movement of public transport & to close all shops, markets and establishments with effect from midnight of 20th March till midnight of 21st March, throughout the state. #COVID19",
Official sources: Maharashtra Police to take action under the Epidemic Diseases Act against those who are fleeing the quarantine facilities. #COVID19 ,
"Maharashtra Health Ministry: A 22-yr-old woman tested positive for #COVID19 in Mumbai; has travel history to United Kingdom. One more person, a 49-year-old woman from Ulhasnagar tested positive today; has travel history to Dubai. Total no. of positive cases reaches 47 in state. ",
Ministry of Health and Family Welfare: Total number of confirmed #COVID19 cases in India rises to 166 - comprising 141 Indian nationals and 25 foreign nationals. There has been 3 deaths in the country due to #Coronavirus so far. (as on 19.03.2020 at 09:00 AM),
"#WATCH Delhi: Union Health Minister Dr Harsh Vardhan visited Indira Gandhi International (IGI) Airport (T-3) on the intervening night of 18th &amp; 19th March, to take stock of preparedness in view of #COVID19. ",
"Prime Minister Narendra Modi will address the nation today at 8 pm, during which he will talk about issues relating to #COVID19 and the efforts to combat it. (file pic) ",
Emergency $100 billion #COVID19 aid package clears US Congress: AFP news agency,
"Italy reports 475 new deaths, highest one-day toll of any nation. France reports 89 new deaths. Death toll in United Kingdom jumps to 104: AFP news agency #COVID19",
"First #COVID19 related death recorded in Pakistan, a 50 year old from Mardan district of Khyber Pakhtunkhwa.",
"Amit Khare, Secretary, Ministry of Human Resource Development: We have decided that all examinations - CBSE, NIOS, & University are rescheduled & postponed till 31st March. New date for JEE Main exam will be announced on 31st March, after assessing the situation. #COVID19 ",
"Seven more #COVID19 cases confirmed in Telangana, all the patients are Indonesian nationals, they have been kept in isolation wards: Government of Telangana ",
Embassy of India in United States of America (USA) releases updated advisory for Indian students in USA in view of #COVID19 pandemic. ,
IIT Delhi: All remaining students (except international students & students with special needs) are requested to vacate the hostels at the earliest. Hostels will function with skeleton staff & packed food will be provided for remaining students. #COVID19 ,
"Prime Minister's Office: PM expressed gratitude to all those at the forefront of combating #COVID19 including the various state governments, medical fraternity, paramedical staff, armed and paramilitary forces, those associated with aviation sector, municipal staff and others. ",
Prime Minister's Office (PMO): Prime Minister Narendra Modi today chaired a high-level meeting to review the ongoing efforts to contain #COVID19. Ways to further strengthen India’s preparedness were discussed. This includes further enhancing testing facilities. (file pic) ,
"Devender Arya, Deputy Commissioner of Police (South West): A suspected #COVID19 patient committed suicide by jumping from the Safdarjung Hospital. The deceased has been identified as Tanveer Singh, he was admitted at hospital today at 9 pm after returning from Sydney, Australia. ",
"Chennai reports second positive case for #COVID19. The patient hails from Delhi, is in isolation &amp; stable. He is under the observation of expert team: Tamil Nadu Health Minister C. Vijayabaskar ",
"Indian Army has issued advisory to all commands regarding #COVID19. All wargames and conferences are hereby postponed till further orders. All training activities to be postponed or cancelled, in view of the current circumstances. ",
"Chief Public Relation Officer, Western Railway: 4 persons suspected to have #COVID19 who had flown down from Germany&amp;were heading to Surat, were deboarded from Garib Rath train in Palghar today. They had 'home quarantine stamp' on their hands, still they were defying the protocol ",
"Health Ministry's top officials: BioMerieux Diagnostics, another private company, has also approached Drug Controller General of India (DCGI). It will take 7 days to get approved as officials are making assessment. Once approved, it can conduct the confirmatory test of #COVID19 ",
"Health Ministry's top officials: Roche Diagnostics, a private company got Food and Drug Administration (FDA) emergency approval for #COVID19 tests, yesterday by Indian regulators. They have received license to conduct COVID19 Diagnostic test. ",
"National Commission for Protection of Child Rights (NCPCR): The Commission received a complaint yesterday, regarding assembly of people including children and infants in Shaheen Bagh protests amidst the spread of #COVID19. ",
Indian Army: Indian Army has postponed all Services Selection Board (SSB) batches commencing from 20th March onwards till further orders in view of #COVID19 outbreak. ,
"SC Justice Arun Mishra observes, “These mahamaari happening every 100 years.” “Kalyug mein virus se hum fight nahi kar sakte.” He also says, ""See the frailty of humans. You may devise all weapons. But, you can’t fight this virus. We have to fight this at our own level."" #COVID19 ",
Ministry of Health and Family Welfare: Total number of confirmed #COVID19 cases in India rises to 147 - comprising 122 Indian nationals and 25 foreign nationals (as on 18.03.2020 at 09:00 AM) ,
"BJP MP Suresh Prabhu has kept himself under isolation at his residence for the next 14 days, as a precautionary measure even after testing negative, following his return from a recent visit to Saudi Arabia to attend Second Sherpas' Meeting on 10th March 2020. (file pic) #COVID19 ",
"Embassy of India in Italy: We are doing all that is possible within our limited resources, despite the current lock-down, to support & assist more than 300 Indian students in Rome & nearby areas. Their swab tests have been taken over the weekend & reports are awaited. #COVID19",
"External Affairs Minister (EAM), Dr. S. Jaishankar met immigration, health, security, and airport officials of Delhi Airport tonight. #COVID19 ",
"Maharashtra: Members of the Shree Jain Alert Group distributed hand sanitizers & masks to people in Mumbai yesterday, amid #COVID19 pandemic. ",
"Maharashtra: Central Railway has vinyl wrapped a 12 coach Mumbai local train with messages regarding #COVID19, in order to raise awareness among commuters. ",
"European Union imposes entry ban for 30 days, says German Chancellor Angela Merkel: AFP news agency #COVID19 (file pic) ",
"Seeram Sambasiva Rao, Kozhikode District Collector: A resident of Mahe, who arrived at Calicut international Airport on 13th of March, on board Etihad Airways (EY 250) from Abhu Dhabi has been confirmed with #COVID19. #Kerala (17.03.20)",
"Ministry of Health & Family Welfare, Government of India issues guidelines for notifying #COVID19 affected persons by private institutions. ",
"Prime Minister's Office: Prime Minister Narendra Modi had a telephone conversation today with the Crown Prince of the Kingdom of Saudi Arabia, Mohammed bin Salman. The two leaders discussed the global situation ￼regarding the #COVID19 pandemic. (file pic) ",
Army sources: First positive case of #COVID19 confirmed of an Indian Army jawan (from Ladakh Scouts). Jawan’s father has travel history to Iran. Jawan is being treated while his family including sister&amp;wife have been put in quarantine. Jawan’s father has also tested positive.,
"Army sources: An Army officer and one woman have been put under self-quarantine at a military institute in Pune after certain symptoms were observed. If required, their tests for #COVID19 would be conducted.",
First positive case of #COVID19 confirmed in West Bengal. The 18-year-old man has travel history to United Kingdom. He is kept in isolation. ,
"South Central Railway: Due to poor patronization as a result of #COVID19, following 17 trains have been cancelled. ",
"Department of Health and Family Welfare Services, Bengaluru: 10 #COVID19 positive patients are in isolation at designated hospitals &amp; are stable. 4 new positive confirmed cases have been reported in last 24 hours. #Karnataka",
"Deepak Mhaisekar, Divisional Commissioner of Pune: One person has been tested positive for #COVID19 in Pimpri-Chinchwad today; he has travel history to USA. With this, total number of COVID19 cases rises to 40 in #Maharashtra",
Union Health Minister Dr Harsh Vardhan to meet President Ram Nath Kovind today at 6 pm to discuss preparedness to contain #COVID19. (file pics) ,
Ministry of Health and Family Welfare: Total number of confirmed #COVID19 cases in India is 125 ,
"India Commercial Pilots' Association & Indian Pilots' Guild has written to Civil Aviation Min Hardeep Singh Puri over 'urgent aid to Air India'. Letter states,""Air India employees have gone above&beyond to get our countrymen back from #COVID19 affected countries worldwide"". (1/2)",
"Director General Medical Services (Army) Lieutenant General RS Grewal: Quarantine facilities have been set up in Jaisalmer, Hyderabad, Kolkata, Gorakhpur, Chennai, Surat, Jhansi, Jodhpur and other places with the help of Navy & Air Force. #COVID19 (16.03.20) ",
"US President: I'm pleased to report that a vaccine candidate has begun the phase-1 clinical trial, it's one of the fastest vaccine development launches in history. We're also racing to develop anti viral therapies & other treatments, we have some promising early results. #COVID19 ",
"US President Trump: My administration is recommending that all Americans work to engage in schooling from home when possible, avoid gathering in groups of more than 10 people, avoid discretionary travel & avoid eating & drinking at bars-restaurants & public food courts. #COVID19 ",
Delhi: #COVID19 help desk set up at New Delhi railway station to screen passengers for corona virus. (16.03.20) ,
Russia seals off its borders for foreigners amid #COVID19 pandemic: AFP news agency ,
"Canada closes its border except for Canadians & Americans says Prime Minister of Canada, Justin Trudeau: AFP news agency #COVID19 (file pic) ",
"Pakistan’s tally of #COVID19 positive cases balloons to 186, a sharp rise of 131 cases in 24 hours: Pakistani Media ",
Govt sources confirm that travel ban includes Indian citizens residing in these countries. The ban will be in place till March 31. #COVID19 ,
Public Health Dept: A 51-year-old woman from Yavatmal is mother of a Pune based #COVID19 positive IT professional who is from the Dubai travelers' group. She herself was part of that group. The second positive case today is a citizen of Philippines and had come to Navi Mumbai. ,
"Prime Minister's Office: Due to #COVID19, the events planned for March 17 in Bangladesh will be without any public gatherings. ",
"Dharma Productions: In view of the epidemic spread of the #COVID19 virus throughout the world, including India, we have suspended all administrative and production work until further notice. ",
"Kerala CM Pinarayi Vijayan: 3 more #COVID19 cases confirmed in Kerala. The total positive cases toll reach 24 in the state. A total of 12,740 people are under observation, of which 12,470 are under home quarantine and 270 are admitted in hospital. 72 new patients today. ",
"Telangana Health Ministry: Another #COVID19 positive case confirmed in Hyderabd city, positive cases toll raises to 4 in the state. The new confirmed patient has a travel history to Scotland. The person is now admitted in a hospital in Hyderabad city and undergoing treatment. ",
"Union Health Ministry has generated its new helpline number for #COVID19-1075. The previous number, 01123978046, is also active. ",
Prime Minister Narendra Modi: Harnessing innovation for a healthier planet. A lot of people have been sharing technology-driven solutions for #COVID19. I would urge them to share them on 'MyGovIndia'. These efforts can help many. (File pic) ,
"Karnataka: A 32-year-old man from Bengaluru has been tested positive for #COVID19 today. He returned from USA via London on March 8. He was on home quarantine, now admitted in isolation facility.",
Ministry of External Affairs (MEA) issues helplines for #COVID19 Control Centre - Control Room : 1800118797 (toll free) +91- 11- 23012113 +91- 11- 23014104 +91- 11- 23017905 Fax: +91- 011- 23018158 (fax) Email: covid19@mea.gov.in ,
"Rajasthan: 53 Indians, evacuated from Tehran and Shiraz cities of Iran, arrived at Jaisalmer airport today. They were later moved to the Army Wellness Centre in the city, following preliminary screening. #COVID19 ",
Union Ministry of Health & Family Welfare: Three people from Rajasthan are now nCoronavirus-free. The total number of patients now free of #COVID19 is 13. https://twitter.com/ANI/status/1239258585281884160,
"Bihar: A suspected #COVID19 patient escaped from Darbhanga Medical College &amp; Hospital, yesterday. Rajeev Ranjan, Medical Superintendent says, ""Patient escaped while he was being taken to the isolation ward. We have informed police &amp; district administration"". (15.03.20) ",
"#UPDATE Death toll due to #COVID19 passes 2,000 in Europe: AFP news agency ",
"Union Ministry of Health and Family Welfare: A total of 110 confirmed #COVID19 cases reported across India, including 17 foreign nationals, as of 11:30 pm, 15th March. ",
"Managing Director of Iran's Mahan Air in a letter to PM Modi: I, on behalf of Mahan Air, offer to safely repatriate all Indian nationals stranded in Iran back to their country without any commercial interest as a humanitarian initiative for our Indian brethren. #Covid19 ",
"Government sources: India is ready to send more Rapid Response Teams to #SAARC region, if asked; already one fully equipped team is in Maldives. Rapid Response Teams carry with them trained doctors as well as huge diagnostic equipment. #COVID19",
Maharashtra: The person who has been found positive for #COVID19 in Pune today has a travel history to Japan. ,
Indian Army sources: Fake audios being circulated in social media platforms to create panic. Citizens should exercise due diligence & follow guidelines given by Ministry of Health & listen to advice of doctors. Let us fight #COVID19 together. Say No to Panic say Yes to Precaution ,
"Zafar Mirza, State Minister of Health of Pakistan: It is a matter of concern that #COVID19 has been reported from Jammu &amp; Kashmir and in view of health emergency, it is imperative that all lockdown in the territory must be lifted immediately. ",
Maldives President Ibrahim Mohamed Solih at video conference of all SAARC member countries: I welcome Prime Minister Modi's proposal especially for longer term economic recovery and to form #COVID19 emergency fund. ,
"PM Narendra Modi at video conference of all SAARC member countries,over #COVID19: I propose, we create a #COVID19 emergency fund. This could be based on voluntary contributions from all of us. India can start with an initial offer of 10 million US dollars for this fund. ",
Nepal PM KP Sharma Oli: I would like to thank PM Modi ji for taking this important & timely initiative. Our collective wisdom and efforts will help us devise a sound and robust strategy for the #SAARC region as we fight #COVID19. ,
"Sheikh Hasina, Prime Minister of Bangladesh: I thank PM Modi for taking this initiative. I also thank him for bringing and hosting 23 of our students from Wuhan (China) along with Indian students. #COVID19 ",
"President of Sri Lanka Gotabaya Rajapaksa at video conference of all SAARC member countries, over #COVID19: First, I must thank PM Narendra Modi for initiating this to share our experiences, ideas, best practices and to understand the challenges &amp; discuss measures to be taken. ",
"Prime Minister of Australia, Scott Morrison: I am aware that Prime Minister Modi is keen to organise a link-up between all the G20 leaders. I think that's a commendable initiative. Australia obviously supports that. (File pics) #COVID19 ",
Afghan President Ashraf Ghani and Maldivian President Ibrahim Mohamed Solih to join the leaders of SAARC nations via a video-conference today at 5 pm to discuss a roadmap to fight #COVID19. (file pics) ,
"Western Railway PRO (Public Relations Officer): As per the extant instructions, curtains and blankets provided in AC coaches are not washed every trip. In order to prevent spread of #COVID19 blankets and curtains should be immediately withdrawn from service till further orders. ",
Ministry of Home Affairs: The government has decided to treat #COVID19 as a notified disaster for the purpose of providing assistance under the State Disaster Response Fund (SDRF). ,
"Goa CM Pramod Sawant: All schools, colleges, casinos, boat cruises, and disco clubs closed till 31st March in the state. However, Senior Secondary Certificate (SSC) & Higher Secondary School Certificate (HSSC) exams will be conducted as per schedule. #COVID19 (file pic) ",
"Government of West Bengal: All govt, govt aided, private educational institutions - schools, colleges, universities, madarsahs, Sishu Shiksha Kendra & Madhyamik Shiksha Kendra will remain closed from 16th to 31st March. Board examinations will be held as per schedule. #COVID19",
"Ravindra H Thakare, Nagpur Collector & District Magistrate: Three of the five #COVID19 suspects who had escaped from Mayo Hospital, have returned. Police will be deployed outside the isolation ward. #Maharashtra",
"Bengaluru: Malls in the city have been closed amid #COVID19 pandemic. All malls, theaters, night clubs, pubs, and swimming pools will remain closed for the next week in the state. #Karnataka",
"Delhi: Some pharmacies have stopped selling N95 masks due to increase in prices amid #COVID19 pandemic.A pharmacist in Connaught Place says,""We've stopped selling N95 masks as wholesellers are selling it to us at high prices&amp;if we ask customers for more money they fight with us"". ",
"Health & Family Welfare Department, Punjab: 335 passengers with history of travel to #COVID19 affected countries are untraceable. A total 6011 passengers have been traced as of yesterday (13th March). ",
"Nagpur: 5 #COVID19 suspects escaped from isolation ward of Mayo Hospital. S Suryavanshi, Sub-Inspector Nagpur police station says, ""One of them had tested negative, reports of other 4 were awaited. We have traced them &amp; they will be brought back to hospital by the administration"" ",
Embassy of India in United States of America (USA) issues advisory for Indian students in the context of #CoronavirusPandemic. #COVID19 ,
"US Embassy & Consulates in India: US Mission India posts, in light of the global #COVID19 pandemic, are cancelling immigrant and non-immigrant visa appointments from March 16, 2020, onward. Visa appointments stand cancelled. ",
"President of Maldives, Ibrahim Mohamed Solih: Thank you Prime Minister Narendra Modi for taking the initiative on this important endeavor. #COVID19 requires collective effort to defeat it. Maldives welcomes this proposal and would fully support such a regional effort. (file pic) https://twitter.com/ANI/status/1238372649278910464",
"PM Modi: Our planet is battling the #COVID19 Novel Coronavirus. At various levels, governments &amp; people are trying their best to combat it. South Asia, which is home to a significant number of the global population should leave no stone unturned to ensure our people are healthy. ",
"Ministry of Health, Govt of India: Death of a 76-year-old male from #Karnataka is confirmed to be caused due to co-morbidity and he has also tested positive for #COVID19. ",
States/Union Territories helpline numbers for #COVID19 released by Government of India. ,
"Health, Medical, and Family Welfare Department of Andhra Pradesh: One person who returned to Nellore from Italy on 6th March 2020 has tested positive for #COVID19. Five people who came in contact with the affected person have also been quarantined.",
"Melbourne Cricket Ground statement: The Melbourne Cricket Club (MCC), as ground managers of Melbourne Cricket Ground (MCG), is aware that a person who attended the ICC Women’s T20 World Cup Final at the MCG on Sunday, March 8 has now been diagnosed with #COVID19. ",
Director-General of the World Health Organization (WHO): We have made the assessment that #COVID19 can be characterized as a pandemic ,
"Govt of India: So far, the Govt has evacuated 948 passengers from #COVID19 affected countries. Out of these, 900 are Indian citizens &amp; 48 belonging to different nationalities including Maldives, Myanmar, Bangladesh, China, USA, Madagascar, Sri Lanka, Nepal, South Africa &amp; Peru. ",
"Ministry of Health & Family Welfare, Government of India: 10 new cases of #COVID19 confirmed. 8 cases are from Kerala and 1 each from Rajasthan &amp; Delhi. Total cases rise to 60 across the country. ",
"Sanjeeva Kumar, Special Secretary (Health), Union Health Ministry: One more #COVID19 case in Delhi (resident of Uttam Nagar) has been confirmed, taking the total number of positive cases in the country to 31. The patient has a travel history from Thailand &amp; Malaysia. ",
"Prime Minister of Bhutan, Dr. Lotay Tshering: We would like to inform the general public that one positive case of #COVID19 was confirmed at 11 pm on March 5. The result was validated at 12:30 am today. (file pic) ",
Ministry of Home Affairs: Truck drivers from Pakistan being scanned at Attari for #COVID19. The Government is ensuring constant vigilance and continuous monitoring to prevent the spread of #CoronaVirus.,
"Army Sources: Medical sample of the Indian Army Major who returned recently from Iran has been tested negative for #COVID19. The officer is currently in Mhow, Madhya Pradesh. #CoronaVirus",
"Ministry of Health & Family Welfare, Government of India issues advisory for schools in view of #CoronaVirus. #COVID19 ",
"Delhi: 14 out of 21 Italian nationals have high viral load and are asymptomatic, further tests underway. The 21 Italian nationals are currently lodged at Indo-Tibetan Border Police's (ITBP) quarantine facility in Chhawla. #COVID19",
Delhi: 21 Italian nationals were brought from a hotel in South Delhi to Indo-Tibetan Border Police's (ITBP) quarantine facility in Chhawla for preventive isolation today. Their samples have been taken for testing and results are awaited. #COVID19 ,
"Ministry of Health & Family Welfare: Cabinet Secretary held a review meeting through video conference in Delhi today, with the Secretaries of concerned Ministries, Chief Secretaries & Health Secretaries of the States to review and assess action taken for containment of #COVID19. ",
"Telangana Health Minister E Rajendra in Hyderabad: Till now not a single person has been affected by #COVID19 in the state, except the youth who arrived from Dubai. 88 people have been identified who came in contact with him,45 of them are being tested,others will also be tested. ",
"Government of India: Two more cases of #COVID19 reported, one each from New Delhi &amp; Telangana. Both the patients are stable and being closely monitored. ",
EAM: Working on the issue of Indians in Iran anxious to return due to #COVID19. We are collaborating with the Iranian authorities to set up a screening process for the return of Indians. Asking our Ambassador D Gaddam to keep concerned people updated. I'm tracking this personally ,
"Kerala CM Pinarayi Vijayan writes to External Affairs Minister S Jaishankar over 'more than 100 fishermen trapped in Azalur, Iran due to #COVID19'. Letter reads,""I request you to direct the Embassy officials to take necessary steps &amp; arrange for the safe return of these persons"". ",
"India's Ambassador to Iran, Dhamu Gaddam: In view of #COVID19, working to facilitate the return of those Indians wishing to go back home. Discussions underway with concerned authorities to work out arrangements.",
"World Health Organisation (WHO): Our epidemiologists have been monitoring the developments continuously, and we have now increased our assessment of the risk of spread and the risk of impact of #COVID19 to very high at a global level. #coronavirus",
"Indo-Tibetan Border Police (ITBP): The 112 evacuees who were brought to Delhi today from Wuhan, China by C-17 Globemaster aircraft of Indian Air Force (IAF), screened by ITBP and sent to the quarantine facility in Chhawla. #COVID19 https://twitter.com/ANI/status/1232850457648721922",
"External Affairs Minister S Jaishankar:Air India flight landed in Delhi from Tokyo (Japan),carrying 119 Indians&5 nationals from Sri Lanka,Nepal,South Africa&Peru who were quarantined on board Diamond Princess ship due to #COVID19. Appreciate facilitation of Japanese authorities. ",
"Directorate General of Civil Aviation (DGCA) on #COVID19: It has been decided to expand the universal screening of passengers arriving in flights from Nepal, Indonesia, Vietnam&amp;Malaysia, besides flights from China, Hong Kong, Japan, South Korea, Thailand &amp; Singapore. #CoronaVirus",
"Raveesh Kumar, MEA: Govt of India has decided to send an aircraft consignment of medical supplies on a relief flight to Wuhan and this a small way to express our support to China as it continues to fight against #covid19 epidemic. ",
"Andhra Pradesh: 35 people from the state, who were discharged from a quarantine facility in Delhi, after being evacuated from Wuhan, China, arrived at Visakhapatnam Airport yesterday. #COVID19 #coronavirus",
"Delhi: Seven Maldivian nationals, including a child depart for airport from the Indo-Tibetan Border Police (ITBP) quarantine facility in Chhawla, after being screened for #COVID19. The seven Maldivians were evacuated from Wuhan, China by the Government of India. ",
"Government of Kerala: Till date 418 samples of suspect #COVID19 cases of have been sent to National Institute of Virology for testing, out of which 405 came as negative. Out of three people in whom the disease was confirmed, two have been discharged, while one is stable.",
"Director General of WHO: As of 6:00 am Geneva time this morning, there were 42,708 confirmed #COVID19 cases reported in China&amp;we've now surpassed 1000 deaths-1017 people in China have lost their lives to this virus. Outside China, there are 393 cases in 24 countries, with 1 death ",
